{"cameraMode":{"drawMode":0,"name":"Shaded","section":"Shading Mode"},"sceneLighting":true,"audioPlay":false,"sceneViewState":{"showFog":true,"showMaterialUpdate":false,"showSkybox":true,"showFlares":true,"showImageEffects":true,"showParticleSystems":true},"in2DMode":false,"pivot":{"x":604.996337890625,"y":196.29202270507813,"z":658.7589721679688},"rotation":{"x":0.1354704648256302,"y":0.01188955269753933,"z":-0.0016256741946563125,"w":0.9907093048095703},"size":688.54541015625,"orthographic":false}